id,category_slug,category_name,title,description,comment,tags,source,source_id,source_page_url,source_image_url,source_author,source_author_url,source_license,local_path,media_url,bucket_name,object_key,media_kind,mime_type,created_at
1,innovacion,Innovación,Mapa visual de Innovación #1,Referencia visual adecuada para demostrar organización de recursos por etiquetas y categorías.,Imagen recomendada para representar conceptos técnicos y creativos dentro de una constelación.,"innovacion, creatividad, tecnologia, ideas, nexus",unsplash_cdn,innovacion-1,https://unsplash.com,https://images.unsplash.com/photo-1454165804606-c3d57bc86b40?q=80&w=800&auto=format&fit=crop,Unsplash Contributor,https://unsplash.com,Unsplash License,backend/static/seed/images/innovacion/innovacion-001.webp,http://localhost:8000/static/seed/images/innovacion/innovacion-001.webp,local-dev,seed/images/innovacion/innovacion-001.webp,IMAGE,image/webp,2026-06-09T07:30:54
2,innovacion,Innovación,Evidencia visual relacionada con Innovación #2,"Nodo útil para validar la vista de detalle, comentarios y guardados.",Este nodo puede servir como referencia inicial para conectar ideas dentro de Nexus.,"innovacion, creatividad, tecnologia, ideas, nexus",unsplash_cdn,innovacion-2,https://unsplash.com,https://images.unsplash.com/photo-1531538606174-0f90ff5dce83?q=80&w=800&auto=format&fit=crop,Unsplash Contributor,https://unsplash.com,Unsplash License,backend/static/seed/images/innovacion/innovacion-002.webp,http://localhost:8000/static/seed/images/innovacion/innovacion-002.webp,local-dev,seed/images/innovacion/innovacion-002.webp,IMAGE,image/webp,2026-06-09T07:30:55
3,innovacion,Innovación,Recurso para constelaciones de Innovación #3,Imagen de prueba para demostrar carga dinámica desde SQL Server y FastAPI.,Nodo visual preparado para probar el flujo de Nexus en ambiente local.,"innovacion, creatividad, tecnologia, ideas, nexus",unsplash_cdn,innovacion-3,https://unsplash.com,https://images.unsplash.com/photo-1519389950473-47ba0277781c?q=80&w=800&auto=format&fit=crop,Unsplash Contributor,https://unsplash.com,Unsplash License,backend/static/seed/images/innovacion/innovacion-003.webp,http://localhost:8000/static/seed/images/innovacion/innovacion-003.webp,local-dev,seed/images/innovacion/innovacion-003.webp,IMAGE,image/webp,2026-06-09T07:30:56
4,innovacion,Innovación,Concepto moderno sobre Innovación #4,Nodo visual preparado para probar el flujo de Nexus en ambiente local.,"Este recurso ayuda a representar visualmente proyectos, evidencias o inspiración tecnológica.","innovacion, creatividad, tecnologia, ideas, nexus",unsplash_cdn,innovacion-4,https://unsplash.com,https://images.unsplash.com/photo-1552664730-d307ca884978?q=80&w=800&auto=format&fit=crop,Unsplash Contributor,https://unsplash.com,Unsplash License,backend/static/seed/images/innovacion/innovacion-004.webp,http://localhost:8000/static/seed/images/innovacion/innovacion-004.webp,local-dev,seed/images/innovacion/innovacion-004.webp,IMAGE,image/webp,2026-06-09T07:30:57
5,innovacion,Innovación,Mapa visual de Innovación #5,Contenido inicial para alimentar la plataforma y probar la API localmente.,"Nodo útil para validar la vista de detalle, comentarios y guardados.","innovacion, creatividad, tecnologia, ideas, nexus",unsplash_cdn,innovacion-5,https://unsplash.com,https://images.unsplash.com/photo-1517245386807-bb43f82c33c4?q=80&w=800&auto=format&fit=crop,Unsplash Contributor,https://unsplash.com,Unsplash License,backend/static/seed/images/innovacion/innovacion-005.webp,http://localhost:8000/static/seed/images/innovacion/innovacion-005.webp,local-dev,seed/images/innovacion/innovacion-005.webp,IMAGE,image/webp,2026-06-09T07:30:58
6,cloud-computing,Cloud Computing,Referencia visual sobre Cloud Computing #6,"Nodo útil para validar la vista de detalle, comentarios y guardados.","Nodo útil para validar la vista de detalle, comentarios y guardados.","cloud, aws, infraestructura, servidores, terraform",unsplash_cdn,cloud-computing-6,https://unsplash.com,https://images.unsplash.com/photo-1544197150-b99a580bb7a8?q=80&w=800&auto=format&fit=crop,Unsplash Contributor,https://unsplash.com,Unsplash License,backend/static/seed/images/cloud-computing/cloud-computing-006.webp,http://localhost:8000/static/seed/images/cloud-computing/cloud-computing-006.webp,local-dev,seed/images/cloud-computing/cloud-computing-006.webp,IMAGE,image/webp,2026-06-09T07:30:59
7,cloud-computing,Cloud Computing,Inspiración aplicada a Cloud Computing #7,Contenido inicial para alimentar la plataforma y probar la API localmente.,Imagen de prueba para demostrar carga dinámica desde SQL Server y FastAPI.,"cloud, aws, infraestructura, servidores, terraform",unsplash_cdn,cloud-computing-7,https://unsplash.com,https://images.unsplash.com/photo-1600132806370-bf17e65e942f?q=80&w=800&auto=format&fit=crop,Unsplash Contributor,https://unsplash.com,Unsplash License,backend/static/seed/images/cloud-computing/cloud-computing-007.webp,http://localhost:8000/static/seed/images/cloud-computing/cloud-computing-007.webp,local-dev,seed/images/cloud-computing/cloud-computing-007.webp,IMAGE,image/webp,2026-06-09T07:31:00
8,cloud-computing,Cloud Computing,Evidencia visual relacionada con Cloud Computing #8,Referencia visual adecuada para demostrar organización de recursos por etiquetas y categorías.,Imagen recomendada para representar conceptos técnicos y creativos dentro de una constelación.,"cloud, aws, infraestructura, servidores, terraform",picsum_fallback,cloud-computing-8,https://picsum.photos/seed/cloud-computing-8/800/1200,https://picsum.photos/seed/cloud-computing-8/800/1200,Picsum Photos,https://picsum.photos,Free to use,backend/static/seed/images/cloud-computing/cloud-computing-008.webp,http://localhost:8000/static/seed/images/cloud-computing/cloud-computing-008.webp,local-dev,seed/images/cloud-computing/cloud-computing-008.webp,IMAGE,image/webp,2026-06-09T07:31:03
9,cloud-computing,Cloud Computing,Recurso visual de Cloud Computing #9,Contenido inicial para alimentar la plataforma y probar la API localmente.,Contenido inicial para alimentar la plataforma y probar la API localmente.,"cloud, aws, infraestructura, servidores, terraform",unsplash_cdn,cloud-computing-9,https://unsplash.com,https://images.unsplash.com/photo-1558494949-ef010cbdcc31?q=80&w=800&auto=format&fit=crop,Unsplash Contributor,https://unsplash.com,Unsplash License,backend/static/seed/images/cloud-computing/cloud-computing-009.webp,http://localhost:8000/static/seed/images/cloud-computing/cloud-computing-009.webp,local-dev,seed/images/cloud-computing/cloud-computing-009.webp,IMAGE,image/webp,2026-06-09T07:31:03
10,cloud-computing,Cloud Computing,Concepto moderno sobre Cloud Computing #10,Contenido inicial para alimentar la plataforma y probar la API localmente.,"Este recurso ayuda a representar visualmente proyectos, evidencias o inspiración tecnológica.","cloud, aws, infraestructura, servidores, terraform",unsplash_cdn,cloud-computing-10,https://unsplash.com,https://images.unsplash.com/photo-1451187580459-43490279c0fa?q=80&w=800&auto=format&fit=crop,Unsplash Contributor,https://unsplash.com,Unsplash License,backend/static/seed/images/cloud-computing/cloud-computing-010.webp,http://localhost:8000/static/seed/images/cloud-computing/cloud-computing-010.webp,local-dev,seed/images/cloud-computing/cloud-computing-010.webp,IMAGE,image/webp,2026-06-09T07:31:04
11,bases-de-datos,Bases de Datos,Recurso visual de Bases de Datos #11,"Recurso útil para probar el feed visual, la búsqueda y el filtrado por categorías.",Este contenido puede funcionar como ejemplo de publicación multimedia dentro del sistema.,"sqlserver, database, datos, consultas, backend",unsplash_cdn,bases-de-datos-11,https://unsplash.com,https://images.unsplash.com/photo-1551288049-bebda4e38f71?q=80&w=800&auto=format&fit=crop,Unsplash Contributor,https://unsplash.com,Unsplash License,backend/static/seed/images/bases-de-datos/bases-de-datos-011.webp,http://localhost:8000/static/seed/images/bases-de-datos/bases-de-datos-011.webp,local-dev,seed/images/bases-de-datos/bases-de-datos-011.webp,IMAGE,image/webp,2026-06-09T07:31:05
12,bases-de-datos,Bases de Datos,Evidencia visual relacionada con Bases de Datos #12,Referencia visual adecuada para demostrar organización de recursos por etiquetas y categorías.,"Este recurso ayuda a representar visualmente proyectos, evidencias o inspiración tecnológica.","sqlserver, database, datos, consultas, backend",unsplash_cdn,bases-de-datos-12,https://unsplash.com,https://images.unsplash.com/photo-1460925895917-afdab827c52f?q=80&w=800&auto=format&fit=crop,Unsplash Contributor,https://unsplash.com,Unsplash License,backend/static/seed/images/bases-de-datos/bases-de-datos-012.webp,http://localhost:8000/static/seed/images/bases-de-datos/bases-de-datos-012.webp,local-dev,seed/images/bases-de-datos/bases-de-datos-012.webp,IMAGE,image/webp,2026-06-09T07:31:06
13,bases-de-datos,Bases de Datos,Conexión creativa para proyectos de Bases de Datos #13,Imagen recomendada para representar conceptos técnicos y creativos dentro de una constelación.,Imagen recomendada para representar conceptos técnicos y creativos dentro de una constelación.,"sqlserver, database, datos, consultas, backend",unsplash_cdn,bases-de-datos-13,https://unsplash.com,https://images.unsplash.com/photo-1504868584819-f8e8b4b6d7e3?q=80&w=800&auto=format&fit=crop,Unsplash Contributor,https://unsplash.com,Unsplash License,backend/static/seed/images/bases-de-datos/bases-de-datos-013.webp,http://localhost:8000/static/seed/images/bases-de-datos/bases-de-datos-013.webp,local-dev,seed/images/bases-de-datos/bases-de-datos-013.webp,IMAGE,image/webp,2026-06-09T07:31:07
14,bases-de-datos,Bases de Datos,Idea destacada de Bases de Datos #14,Imagen de prueba para demostrar carga dinámica desde SQL Server y FastAPI.,Este nodo puede servir como referencia inicial para conectar ideas dentro de Nexus.,"sqlserver, database, datos, consultas, backend",unsplash_cdn,bases-de-datos-14,https://unsplash.com,https://images.unsplash.com/photo-1515879218367-8466d910aaa4?q=80&w=800&auto=format&fit=crop,Unsplash Contributor,https://unsplash.com,Unsplash License,backend/static/seed/images/bases-de-datos/bases-de-datos-014.webp,http://localhost:8000/static/seed/images/bases-de-datos/bases-de-datos-014.webp,local-dev,seed/images/bases-de-datos/bases-de-datos-014.webp,IMAGE,image/webp,2026-06-09T07:31:08
15,bases-de-datos,Bases de Datos,Recurso para constelaciones de Bases de Datos #15,"Nodo útil para validar la vista de detalle, comentarios y guardados.","Nodo útil para validar la vista de detalle, comentarios y guardados.","sqlserver, database, datos, consultas, backend",unsplash_cdn,bases-de-datos-15,https://unsplash.com,https://images.unsplash.com/photo-1526374965328-7f61d4dc18c5?q=80&w=800&auto=format&fit=crop,Unsplash Contributor,https://unsplash.com,Unsplash License,backend/static/seed/images/bases-de-datos/bases-de-datos-015.webp,http://localhost:8000/static/seed/images/bases-de-datos/bases-de-datos-015.webp,local-dev,seed/images/bases-de-datos/bases-de-datos-015.webp,IMAGE,image/webp,2026-06-09T07:31:09
16,ciberseguridad,Ciberseguridad,Recurso para constelaciones de Ciberseguridad #16,Imagen de prueba para demostrar carga dinámica desde SQL Server y FastAPI.,"Nodo útil para validar la vista de detalle, comentarios y guardados.","seguridad, privacidad, iam, accesos, proteccion",unsplash_cdn,ciberseguridad-16,https://unsplash.com,https://images.unsplash.com/photo-1550751827-4bd374c3f58b?q=80&w=800&auto=format&fit=crop,Unsplash Contributor,https://unsplash.com,Unsplash License,backend/static/seed/images/ciberseguridad/ciberseguridad-016.webp,http://localhost:8000/static/seed/images/ciberseguridad/ciberseguridad-016.webp,local-dev,seed/images/ciberseguridad/ciberseguridad-016.webp,IMAGE,image/webp,2026-06-09T07:31:10
17,ciberseguridad,Ciberseguridad,Recurso para constelaciones de Ciberseguridad #17,Contenido inicial para alimentar la plataforma y probar la API localmente.,Imagen de prueba para demostrar carga dinámica desde SQL Server y FastAPI.,"seguridad, privacidad, iam, accesos, proteccion",unsplash_cdn,ciberseguridad-17,https://unsplash.com,https://images.unsplash.com/photo-1563986768609-322da13575f3?q=80&w=800&auto=format&fit=crop,Unsplash Contributor,https://unsplash.com,Unsplash License,backend/static/seed/images/ciberseguridad/ciberseguridad-017.webp,http://localhost:8000/static/seed/images/ciberseguridad/ciberseguridad-017.webp,local-dev,seed/images/ciberseguridad/ciberseguridad-017.webp,IMAGE,image/webp,2026-06-09T07:31:11
18,ciberseguridad,Ciberseguridad,Nodo de Ciberseguridad para explorar nuevas ideas #18,"Este recurso ayuda a representar visualmente proyectos, evidencias o inspiración tecnológica.","Recurso útil para probar el feed visual, la búsqueda y el filtrado por categorías.","seguridad, privacidad, iam, accesos, proteccion",unsplash_cdn,ciberseguridad-18,https://unsplash.com,https://images.unsplash.com/photo-1526374965328-7f61d4dc18c5?q=80&w=800&auto=format&fit=crop,Unsplash Contributor,https://unsplash.com,Unsplash License,backend/static/seed/images/ciberseguridad/ciberseguridad-018.webp,http://localhost:8000/static/seed/images/ciberseguridad/ciberseguridad-018.webp,local-dev,seed/images/ciberseguridad/ciberseguridad-018.webp,IMAGE,image/webp,2026-06-09T07:31:12
19,ciberseguridad,Ciberseguridad,Inspiración aplicada a Ciberseguridad #19,"Nodo útil para validar la vista de detalle, comentarios y guardados.",Imagen recomendada para representar conceptos técnicos y creativos dentro de una constelación.,"seguridad, privacidad, iam, accesos, proteccion",unsplash_cdn,ciberseguridad-19,https://unsplash.com,https://images.unsplash.com/photo-1614064641938-3bbee52942c7?q=80&w=800&auto=format&fit=crop,Unsplash Contributor,https://unsplash.com,Unsplash License,backend/static/seed/images/ciberseguridad/ciberseguridad-019.webp,http://localhost:8000/static/seed/images/ciberseguridad/ciberseguridad-019.webp,local-dev,seed/images/ciberseguridad/ciberseguridad-019.webp,IMAGE,image/webp,2026-06-09T07:31:13
20,ciberseguridad,Ciberseguridad,Concepto moderno sobre Ciberseguridad #20,Este contenido puede funcionar como ejemplo de publicación multimedia dentro del sistema.,"Nodo útil para validar la vista de detalle, comentarios y guardados.","seguridad, privacidad, iam, accesos, proteccion",picsum_fallback,ciberseguridad-20,https://picsum.photos/seed/ciberseguridad-20/800/1200,https://picsum.photos/seed/ciberseguridad-20/800/1200,Picsum Photos,https://picsum.photos,Free to use,backend/static/seed/images/ciberseguridad/ciberseguridad-020.webp,http://localhost:8000/static/seed/images/ciberseguridad/ciberseguridad-020.webp,local-dev,seed/images/ciberseguridad/ciberseguridad-020.webp,IMAGE,image/webp,2026-06-09T07:31:15
21,inteligencia-artificial,Inteligencia Artificial,Concepto moderno sobre Inteligencia Artificial #21,Referencia visual adecuada para demostrar organización de recursos por etiquetas y categorías.,"Nodo útil para validar la vista de detalle, comentarios y guardados.","ia, machine-learning, automatizacion, datos, neural",picsum_fallback,inteligencia-artificial-21,https://picsum.photos/seed/inteligencia-artificial-21/800/1200,https://picsum.photos/seed/inteligencia-artificial-21/800/1200,Picsum Photos,https://picsum.photos,Free to use,backend/static/seed/images/inteligencia-artificial/inteligencia-artificial-021.webp,http://localhost:8000/static/seed/images/inteligencia-artificial/inteligencia-artificial-021.webp,local-dev,seed/images/inteligencia-artificial/inteligencia-artificial-021.webp,IMAGE,image/webp,2026-06-09T07:31:18
22,inteligencia-artificial,Inteligencia Artificial,Inspiración aplicada a Inteligencia Artificial #22,"Recurso útil para probar el feed visual, la búsqueda y el filtrado por categorías.","Recurso útil para probar el feed visual, la búsqueda y el filtrado por categorías.","ia, machine-learning, automatizacion, datos, neural",unsplash_cdn,inteligencia-artificial-22,https://unsplash.com,https://images.unsplash.com/photo-1618005182384-a83a8bd57fbe?q=80&w=800&auto=format&fit=crop,Unsplash Contributor,https://unsplash.com,Unsplash License,backend/static/seed/images/inteligencia-artificial/inteligencia-artificial-022.webp,http://localhost:8000/static/seed/images/inteligencia-artificial/inteligencia-artificial-022.webp,local-dev,seed/images/inteligencia-artificial/inteligencia-artificial-022.webp,IMAGE,image/webp,2026-06-09T07:31:19
23,inteligencia-artificial,Inteligencia Artificial,Referencia visual sobre Inteligencia Artificial #23,Este nodo puede servir como referencia inicial para conectar ideas dentro de Nexus.,Imagen recomendada para representar conceptos técnicos y creativos dentro de una constelación.,"ia, machine-learning, automatizacion, datos, neural",unsplash_cdn,inteligencia-artificial-23,https://unsplash.com,https://images.unsplash.com/photo-1527474305487-b87b222841cc?q=80&w=800&auto=format&fit=crop,Unsplash Contributor,https://unsplash.com,Unsplash License,backend/static/seed/images/inteligencia-artificial/inteligencia-artificial-023.webp,http://localhost:8000/static/seed/images/inteligencia-artificial/inteligencia-artificial-023.webp,local-dev,seed/images/inteligencia-artificial/inteligencia-artificial-023.webp,IMAGE,image/webp,2026-06-09T07:31:20
24,inteligencia-artificial,Inteligencia Artificial,Concepto moderno sobre Inteligencia Artificial #24,Imagen de prueba para demostrar carga dinámica desde SQL Server y FastAPI.,Referencia visual adecuada para demostrar organización de recursos por etiquetas y categorías.,"ia, machine-learning, automatizacion, datos, neural",unsplash_cdn,inteligencia-artificial-24,https://unsplash.com,https://images.unsplash.com/photo-1507146426996-ef05306b995a?q=80&w=800&auto=format&fit=crop,Unsplash Contributor,https://unsplash.com,Unsplash License,backend/static/seed/images/inteligencia-artificial/inteligencia-artificial-024.webp,http://localhost:8000/static/seed/images/inteligencia-artificial/inteligencia-artificial-024.webp,local-dev,seed/images/inteligencia-artificial/inteligencia-artificial-024.webp,IMAGE,image/webp,2026-06-09T07:31:21
25,inteligencia-artificial,Inteligencia Artificial,Evidencia visual relacionada con Inteligencia Artificial #25,Contenido inicial para alimentar la plataforma y probar la API localmente.,Nodo visual preparado para probar el flujo de Nexus en ambiente local.,"ia, machine-learning, automatizacion, datos, neural",unsplash_cdn,inteligencia-artificial-25,https://unsplash.com,https://images.unsplash.com/photo-1620712943543-bcc4688e7485?q=80&w=800&auto=format&fit=crop,Unsplash Contributor,https://unsplash.com,Unsplash License,backend/static/seed/images/inteligencia-artificial/inteligencia-artificial-025.webp,http://localhost:8000/static/seed/images/inteligencia-artificial/inteligencia-artificial-025.webp,local-dev,seed/images/inteligencia-artificial/inteligencia-artificial-025.webp,IMAGE,image/webp,2026-06-09T07:31:22
26,diseno-ui-ux,Diseño UI/UX,Idea destacada de Diseño UI/UX #26,"Este recurso ayuda a representar visualmente proyectos, evidencias o inspiración tecnológica.",Nodo visual preparado para probar el flujo de Nexus en ambiente local.,"ui, ux, diseno, interfaz, prototipo",unsplash_cdn,diseno-ui-ux-26,https://unsplash.com,https://images.unsplash.com/photo-1581291518633-83b4ebd1d83e?q=80&w=800&auto=format&fit=crop,Unsplash Contributor,https://unsplash.com,Unsplash License,backend/static/seed/images/diseno-ui-ux/diseno-ui-ux-026.webp,http://localhost:8000/static/seed/images/diseno-ui-ux/diseno-ui-ux-026.webp,local-dev,seed/images/diseno-ui-ux/diseno-ui-ux-026.webp,IMAGE,image/webp,2026-06-09T07:31:24
27,diseno-ui-ux,Diseño UI/UX,Idea destacada de Diseño UI/UX #27,Imagen de prueba para demostrar carga dinámica desde SQL Server y FastAPI.,Imagen de prueba para demostrar carga dinámica desde SQL Server y FastAPI.,"ui, ux, diseno, interfaz, prototipo",unsplash_cdn,diseno-ui-ux-27,https://unsplash.com,https://images.unsplash.com/photo-1586717791821-3f44a563fa4c?q=80&w=800&auto=format&fit=crop,Unsplash Contributor,https://unsplash.com,Unsplash License,backend/static/seed/images/diseno-ui-ux/diseno-ui-ux-027.webp,http://localhost:8000/static/seed/images/diseno-ui-ux/diseno-ui-ux-027.webp,local-dev,seed/images/diseno-ui-ux/diseno-ui-ux-027.webp,IMAGE,image/webp,2026-06-09T07:31:25
28,diseno-ui-ux,Diseño UI/UX,Conexión creativa para proyectos de Diseño UI/UX #28,Nodo visual preparado para probar el flujo de Nexus en ambiente local.,Contenido inicial para alimentar la plataforma y probar la API localmente.,"ui, ux, diseno, interfaz, prototipo",picsum_fallback,diseno-ui-ux-28,https://picsum.photos/seed/diseno-ui-ux-28/800/1200,https://picsum.photos/seed/diseno-ui-ux-28/800/1200,Picsum Photos,https://picsum.photos,Free to use,backend/static/seed/images/diseno-ui-ux/diseno-ui-ux-028.webp,http://localhost:8000/static/seed/images/diseno-ui-ux/diseno-ui-ux-028.webp,local-dev,seed/images/diseno-ui-ux/diseno-ui-ux-028.webp,IMAGE,image/webp,2026-06-09T07:31:27
29,diseno-ui-ux,Diseño UI/UX,Evidencia visual relacionada con Diseño UI/UX #29,Nodo visual preparado para probar el flujo de Nexus en ambiente local.,Imagen de prueba para demostrar carga dinámica desde SQL Server y FastAPI.,"ui, ux, diseno, interfaz, prototipo",unsplash_cdn,diseno-ui-ux-29,https://unsplash.com,https://images.unsplash.com/photo-1531403009284-440f080d1e12?q=80&w=800&auto=format&fit=crop,Unsplash Contributor,https://unsplash.com,Unsplash License,backend/static/seed/images/diseno-ui-ux/diseno-ui-ux-029.webp,http://localhost:8000/static/seed/images/diseno-ui-ux/diseno-ui-ux-029.webp,local-dev,seed/images/diseno-ui-ux/diseno-ui-ux-029.webp,IMAGE,image/webp,2026-06-09T07:31:28
30,diseno-ui-ux,Diseño UI/UX,Inspiración aplicada a Diseño UI/UX #30,Este contenido puede funcionar como ejemplo de publicación multimedia dentro del sistema.,Imagen recomendada para representar conceptos técnicos y creativos dentro de una constelación.,"ui, ux, diseno, interfaz, prototipo",unsplash_cdn,diseno-ui-ux-30,https://unsplash.com,https://images.unsplash.com/photo-1507238691740-187a5b1d37b8?q=80&w=800&auto=format&fit=crop,Unsplash Contributor,https://unsplash.com,Unsplash License,backend/static/seed/images/diseno-ui-ux/diseno-ui-ux-030.webp,http://localhost:8000/static/seed/images/diseno-ui-ux/diseno-ui-ux-030.webp,local-dev,seed/images/diseno-ui-ux/diseno-ui-ux-030.webp,IMAGE,image/webp,2026-06-09T07:31:30
31,programacion-web,Programación Web,Inspiración aplicada a Programación Web #31,Este contenido puede funcionar como ejemplo de publicación multimedia dentro del sistema.,Referencia visual adecuada para demostrar organización de recursos por etiquetas y categorías.,"html, css, javascript, fastapi, frontend",unsplash_cdn,programacion-web-31,https://unsplash.com,https://images.unsplash.com/photo-1555066931-4365d14bab8c?q=80&w=800&auto=format&fit=crop,Unsplash Contributor,https://unsplash.com,Unsplash License,backend/static/seed/images/programacion-web/programacion-web-031.webp,http://localhost:8000/static/seed/images/programacion-web/programacion-web-031.webp,local-dev,seed/images/programacion-web/programacion-web-031.webp,IMAGE,image/webp,2026-06-09T07:31:31
32,programacion-web,Programación Web,Referencia visual sobre Programación Web #32,"Este recurso ayuda a representar visualmente proyectos, evidencias o inspiración tecnológica.","Recurso útil para probar el feed visual, la búsqueda y el filtrado por categorías.","html, css, javascript, fastapi, frontend",unsplash_cdn,programacion-web-32,https://unsplash.com,https://images.unsplash.com/photo-1498050108023-c5249f4df085?q=80&w=800&auto=format&fit=crop,Unsplash Contributor,https://unsplash.com,Unsplash License,backend/static/seed/images/programacion-web/programacion-web-032.webp,http://localhost:8000/static/seed/images/programacion-web/programacion-web-032.webp,local-dev,seed/images/programacion-web/programacion-web-032.webp,IMAGE,image/webp,2026-06-09T07:31:32
33,programacion-web,Programación Web,Inspiración aplicada a Programación Web #33,Este contenido puede funcionar como ejemplo de publicación multimedia dentro del sistema.,Este nodo puede servir como referencia inicial para conectar ideas dentro de Nexus.,"html, css, javascript, fastapi, frontend",unsplash_cdn,programacion-web-33,https://unsplash.com,https://images.unsplash.com/photo-1542831371-29b0f74f9713?q=80&w=800&auto=format&fit=crop,Unsplash Contributor,https://unsplash.com,Unsplash License,backend/static/seed/images/programacion-web/programacion-web-033.webp,http://localhost:8000/static/seed/images/programacion-web/programacion-web-033.webp,local-dev,seed/images/programacion-web/programacion-web-033.webp,IMAGE,image/webp,2026-06-09T07:31:34
34,programacion-web,Programación Web,Evidencia visual relacionada con Programación Web #34,Nodo visual preparado para probar el flujo de Nexus en ambiente local.,Este contenido puede funcionar como ejemplo de publicación multimedia dentro del sistema.,"html, css, javascript, fastapi, frontend",unsplash_cdn,programacion-web-34,https://unsplash.com,https://images.unsplash.com/photo-1517694712202-14dd9538aa97?q=80&w=800&auto=format&fit=crop,Unsplash Contributor,https://unsplash.com,Unsplash License,backend/static/seed/images/programacion-web/programacion-web-034.webp,http://localhost:8000/static/seed/images/programacion-web/programacion-web-034.webp,local-dev,seed/images/programacion-web/programacion-web-034.webp,IMAGE,image/webp,2026-06-09T07:31:35
35,programacion-web,Programación Web,Referencia visual sobre Programación Web #35,Referencia visual adecuada para demostrar organización de recursos por etiquetas y categorías.,"Este recurso ayuda a representar visualmente proyectos, evidencias o inspiración tecnológica.","html, css, javascript, fastapi, frontend",unsplash_cdn,programacion-web-35,https://unsplash.com,https://images.unsplash.com/photo-1515879218367-8466d910aaa4?q=80&w=800&auto=format&fit=crop,Unsplash Contributor,https://unsplash.com,Unsplash License,backend/static/seed/images/programacion-web/programacion-web-035.webp,http://localhost:8000/static/seed/images/programacion-web/programacion-web-035.webp,local-dev,seed/images/programacion-web/programacion-web-035.webp,IMAGE,image/webp,2026-06-09T07:31:36
36,devops,DevOps,Recurso para constelaciones de DevOps #36,Imagen recomendada para representar conceptos técnicos y creativos dentro de una constelación.,Nodo visual preparado para probar el flujo de Nexus en ambiente local.,"devops, terraform, despliegue, automatizacion, ec2",unsplash_cdn,devops-36,https://unsplash.com,https://images.unsplash.com/photo-1607799279861-4dd421887fb3?q=80&w=800&auto=format&fit=crop,Unsplash Contributor,https://unsplash.com,Unsplash License,backend/static/seed/images/devops/devops-036.webp,http://localhost:8000/static/seed/images/devops/devops-036.webp,local-dev,seed/images/devops/devops-036.webp,IMAGE,image/webp,2026-06-09T07:31:37
37,devops,DevOps,Concepto moderno sobre DevOps #37,Este nodo puede servir como referencia inicial para conectar ideas dentro de Nexus.,"Recurso útil para probar el feed visual, la búsqueda y el filtrado por categorías.","devops, terraform, despliegue, automatizacion, ec2",picsum_fallback,devops-37,https://picsum.photos/seed/devops-37/800/1200,https://picsum.photos/seed/devops-37/800/1200,Picsum Photos,https://picsum.photos,Free to use,backend/static/seed/images/devops/devops-037.webp,http://localhost:8000/static/seed/images/devops/devops-037.webp,local-dev,seed/images/devops/devops-037.webp,IMAGE,image/webp,2026-06-09T07:31:40
38,devops,DevOps,Recurso para constelaciones de DevOps #38,Contenido inicial para alimentar la plataforma y probar la API localmente.,"Recurso útil para probar el feed visual, la búsqueda y el filtrado por categorías.","devops, terraform, despliegue, automatizacion, ec2",picsum_fallback,devops-38,https://picsum.photos/seed/devops-38/800/1200,https://picsum.photos/seed/devops-38/800/1200,Picsum Photos,https://picsum.photos,Free to use,backend/static/seed/images/devops/devops-038.webp,http://localhost:8000/static/seed/images/devops/devops-038.webp,local-dev,seed/images/devops/devops-038.webp,IMAGE,image/webp,2026-06-09T07:31:42
39,devops,DevOps,Mapa visual de DevOps #39,"Este recurso ayuda a representar visualmente proyectos, evidencias o inspiración tecnológica.",Este contenido puede funcionar como ejemplo de publicación multimedia dentro del sistema.,"devops, terraform, despliegue, automatizacion, ec2",unsplash_cdn,devops-39,https://unsplash.com,https://images.unsplash.com/photo-1558494949-ef010cbdcc31?q=80&w=800&auto=format&fit=crop,Unsplash Contributor,https://unsplash.com,Unsplash License,backend/static/seed/images/devops/devops-039.webp,http://localhost:8000/static/seed/images/devops/devops-039.webp,local-dev,seed/images/devops/devops-039.webp,IMAGE,image/webp,2026-06-09T07:31:43
40,devops,DevOps,Recurso visual de DevOps #40,Nodo visual preparado para probar el flujo de Nexus en ambiente local.,Este nodo puede servir como referencia inicial para conectar ideas dentro de Nexus.,"devops, terraform, despliegue, automatizacion, ec2",unsplash_cdn,devops-40,https://unsplash.com,https://images.unsplash.com/photo-1667372393119-3d4c48d07fc9?q=80&w=800&auto=format&fit=crop,Unsplash Contributor,https://unsplash.com,Unsplash License,backend/static/seed/images/devops/devops-040.webp,http://localhost:8000/static/seed/images/devops/devops-040.webp,local-dev,seed/images/devops/devops-040.webp,IMAGE,image/webp,2026-06-09T07:31:44
41,redes,Redes,Nodo de Redes para explorar nuevas ideas #41,Imagen de prueba para demostrar carga dinámica desde SQL Server y FastAPI.,Referencia visual adecuada para demostrar organización de recursos por etiquetas y categorías.,"redes, conectividad, servidores, infraestructura, red",unsplash_cdn,redes-41,https://unsplash.com,https://images.unsplash.com/photo-1544197150-b99a580bb7a8?q=80&w=800&auto=format&fit=crop,Unsplash Contributor,https://unsplash.com,Unsplash License,backend/static/seed/images/redes/redes-041.webp,http://localhost:8000/static/seed/images/redes/redes-041.webp,local-dev,seed/images/redes/redes-041.webp,IMAGE,image/webp,2026-06-09T07:31:46
42,redes,Redes,Inspiración aplicada a Redes #42,Imagen de prueba para demostrar carga dinámica desde SQL Server y FastAPI.,Nodo visual preparado para probar el flujo de Nexus en ambiente local.,"redes, conectividad, servidores, infraestructura, red",unsplash_cdn,redes-42,https://unsplash.com,https://images.unsplash.com/photo-1558494949-ef010cbdcc31?q=80&w=800&auto=format&fit=crop,Unsplash Contributor,https://unsplash.com,Unsplash License,backend/static/seed/images/redes/redes-042.webp,http://localhost:8000/static/seed/images/redes/redes-042.webp,local-dev,seed/images/redes/redes-042.webp,IMAGE,image/webp,2026-06-09T07:31:47
43,redes,Redes,Recurso para constelaciones de Redes #43,Este nodo puede servir como referencia inicial para conectar ideas dentro de Nexus.,Nodo visual preparado para probar el flujo de Nexus en ambiente local.,"redes, conectividad, servidores, infraestructura, red",picsum_fallback,redes-43,https://picsum.photos/seed/redes-43/800/1200,https://picsum.photos/seed/redes-43/800/1200,Picsum Photos,https://picsum.photos,Free to use,backend/static/seed/images/redes/redes-043.webp,http://localhost:8000/static/seed/images/redes/redes-043.webp,local-dev,seed/images/redes/redes-043.webp,IMAGE,image/webp,2026-06-09T07:31:49
44,redes,Redes,Concepto moderno sobre Redes #44,"Nodo útil para validar la vista de detalle, comentarios y guardados.",Contenido inicial para alimentar la plataforma y probar la API localmente.,"redes, conectividad, servidores, infraestructura, red",unsplash_cdn,redes-44,https://unsplash.com,https://images.unsplash.com/photo-1526374965328-7f61d4dc18c5?q=80&w=800&auto=format&fit=crop,Unsplash Contributor,https://unsplash.com,Unsplash License,backend/static/seed/images/redes/redes-044.webp,http://localhost:8000/static/seed/images/redes/redes-044.webp,local-dev,seed/images/redes/redes-044.webp,IMAGE,image/webp,2026-06-09T07:31:50
45,redes,Redes,Evidencia visual relacionada con Redes #45,Este nodo puede servir como referencia inicial para conectar ideas dentro de Nexus.,Contenido inicial para alimentar la plataforma y probar la API localmente.,"redes, conectividad, servidores, infraestructura, red",unsplash_cdn,redes-45,https://unsplash.com,https://images.unsplash.com/photo-1506784983877-45594efa4cbe?q=80&w=800&auto=format&fit=crop,Unsplash Contributor,https://unsplash.com,Unsplash License,backend/static/seed/images/redes/redes-045.webp,http://localhost:8000/static/seed/images/redes/redes-045.webp,local-dev,seed/images/redes/redes-045.webp,IMAGE,image/webp,2026-06-09T07:31:51
46,prototipos,Prototipos,Referencia visual sobre Prototipos #46,Referencia visual adecuada para demostrar organización de recursos por etiquetas y categorías.,Este contenido puede funcionar como ejemplo de publicación multimedia dentro del sistema.,"prototipo, producto, creatividad, validacion, idea",unsplash_cdn,prototipos-46,https://unsplash.com,https://images.unsplash.com/photo-1581291518633-83b4ebd1d83e?q=80&w=800&auto=format&fit=crop,Unsplash Contributor,https://unsplash.com,Unsplash License,backend/static/seed/images/prototipos/prototipos-046.webp,http://localhost:8000/static/seed/images/prototipos/prototipos-046.webp,local-dev,seed/images/prototipos/prototipos-046.webp,IMAGE,image/webp,2026-06-09T07:31:52
47,prototipos,Prototipos,Nodo de Prototipos para explorar nuevas ideas #47,Imagen recomendada para representar conceptos técnicos y creativos dentro de una constelación.,Nodo visual preparado para probar el flujo de Nexus en ambiente local.,"prototipo, producto, creatividad, validacion, idea",unsplash_cdn,prototipos-47,https://unsplash.com,https://images.unsplash.com/photo-1531403009284-440f080d1e12?q=80&w=800&auto=format&fit=crop,Unsplash Contributor,https://unsplash.com,Unsplash License,backend/static/seed/images/prototipos/prototipos-047.webp,http://localhost:8000/static/seed/images/prototipos/prototipos-047.webp,local-dev,seed/images/prototipos/prototipos-047.webp,IMAGE,image/webp,2026-06-09T07:31:53
48,prototipos,Prototipos,Inspiración aplicada a Prototipos #48,Nodo visual preparado para probar el flujo de Nexus en ambiente local.,"Este recurso ayuda a representar visualmente proyectos, evidencias o inspiración tecnológica.","prototipo, producto, creatividad, validacion, idea",unsplash_cdn,prototipos-48,https://unsplash.com,https://images.unsplash.com/photo-1586717791821-3f44a563fa4c?q=80&w=800&auto=format&fit=crop,Unsplash Contributor,https://unsplash.com,Unsplash License,backend/static/seed/images/prototipos/prototipos-048.webp,http://localhost:8000/static/seed/images/prototipos/prototipos-048.webp,local-dev,seed/images/prototipos/prototipos-048.webp,IMAGE,image/webp,2026-06-09T07:31:54
49,prototipos,Prototipos,Nodo de Prototipos para explorar nuevas ideas #49,"Nodo útil para validar la vista de detalle, comentarios y guardados.",Imagen de prueba para demostrar carga dinámica desde SQL Server y FastAPI.,"prototipo, producto, creatividad, validacion, idea",picsum_fallback,prototipos-49,https://picsum.photos/seed/prototipos-49/800/1200,https://picsum.photos/seed/prototipos-49/800/1200,Picsum Photos,https://picsum.photos,Free to use,backend/static/seed/images/prototipos/prototipos-049.webp,http://localhost:8000/static/seed/images/prototipos/prototipos-049.webp,local-dev,seed/images/prototipos/prototipos-049.webp,IMAGE,image/webp,2026-06-09T07:31:56
50,prototipos,Prototipos,Recurso visual de Prototipos #50,Imagen recomendada para representar conceptos técnicos y creativos dentro de una constelación.,"Este recurso ayuda a representar visualmente proyectos, evidencias o inspiración tecnológica.","prototipo, producto, creatividad, validacion, idea",unsplash_cdn,prototipos-50,https://unsplash.com,https://images.unsplash.com/photo-1507238691740-187a5b1d37b8?q=80&w=800&auto=format&fit=crop,Unsplash Contributor,https://unsplash.com,Unsplash License,backend/static/seed/images/prototipos/prototipos-050.webp,http://localhost:8000/static/seed/images/prototipos/prototipos-050.webp,local-dev,seed/images/prototipos/prototipos-050.webp,IMAGE,image/webp,2026-06-09T07:31:57
51,robotica-iot,Robótica e IoT,Recurso para constelaciones de Robótica e IoT #51,Imagen de prueba para demostrar carga dinámica desde SQL Server y FastAPI.,"Este recurso ayuda a representar visualmente proyectos, evidencias o inspiración tecnológica.","robotica, iot, sensores, dispositivos, automatizacion",unsplash_cdn,robotica-iot-51,https://unsplash.com,https://images.unsplash.com/photo-1485827404703-89b55fcc595e?q=80&w=800&auto=format&fit=crop,Unsplash Contributor,https://unsplash.com,Unsplash License,backend/static/seed/images/robotica-iot/robotica-iot-051.webp,http://localhost:8000/static/seed/images/robotica-iot/robotica-iot-051.webp,local-dev,seed/images/robotica-iot/robotica-iot-051.webp,IMAGE,image/webp,2026-06-09T07:31:58
52,robotica-iot,Robótica e IoT,Conexión creativa para proyectos de Robótica e IoT #52,Referencia visual adecuada para demostrar organización de recursos por etiquetas y categorías.,Este contenido puede funcionar como ejemplo de publicación multimedia dentro del sistema.,"robotica, iot, sensores, dispositivos, automatizacion",unsplash_cdn,robotica-iot-52,https://unsplash.com,https://images.unsplash.com/photo-1531747118685-ca8fa6e08806?q=80&w=800&auto=format&fit=crop,Unsplash Contributor,https://unsplash.com,Unsplash License,backend/static/seed/images/robotica-iot/robotica-iot-052.webp,http://localhost:8000/static/seed/images/robotica-iot/robotica-iot-052.webp,local-dev,seed/images/robotica-iot/robotica-iot-052.webp,IMAGE,image/webp,2026-06-09T07:32:00
53,robotica-iot,Robótica e IoT,Recurso visual de Robótica e IoT #53,Imagen de prueba para demostrar carga dinámica desde SQL Server y FastAPI.,Este nodo puede servir como referencia inicial para conectar ideas dentro de Nexus.,"robotica, iot, sensores, dispositivos, automatizacion",unsplash_cdn,robotica-iot-53,https://unsplash.com,https://images.unsplash.com/photo-1518770660439-4636190af475?q=80&w=800&auto=format&fit=crop,Unsplash Contributor,https://unsplash.com,Unsplash License,backend/static/seed/images/robotica-iot/robotica-iot-053.webp,http://localhost:8000/static/seed/images/robotica-iot/robotica-iot-053.webp,local-dev,seed/images/robotica-iot/robotica-iot-053.webp,IMAGE,image/webp,2026-06-09T07:32:01
54,robotica-iot,Robótica e IoT,Conexión creativa para proyectos de Robótica e IoT #54,"Este recurso ayuda a representar visualmente proyectos, evidencias o inspiración tecnológica.",Este contenido puede funcionar como ejemplo de publicación multimedia dentro del sistema.,"robotica, iot, sensores, dispositivos, automatizacion",unsplash_cdn,robotica-iot-54,https://unsplash.com,https://images.unsplash.com/photo-1563770660941-20978e870e26?q=80&w=800&auto=format&fit=crop,Unsplash Contributor,https://unsplash.com,Unsplash License,backend/static/seed/images/robotica-iot/robotica-iot-054.webp,http://localhost:8000/static/seed/images/robotica-iot/robotica-iot-054.webp,local-dev,seed/images/robotica-iot/robotica-iot-054.webp,IMAGE,image/webp,2026-06-09T07:32:02
55,robotica-iot,Robótica e IoT,Idea destacada de Robótica e IoT #55,"Este recurso ayuda a representar visualmente proyectos, evidencias o inspiración tecnológica.",Este contenido puede funcionar como ejemplo de publicación multimedia dentro del sistema.,"robotica, iot, sensores, dispositivos, automatizacion",unsplash_cdn,robotica-iot-55,https://unsplash.com,https://images.unsplash.com/photo-1581092160607-ee22621dd758?q=80&w=800&auto=format&fit=crop,Unsplash Contributor,https://unsplash.com,Unsplash License,backend/static/seed/images/robotica-iot/robotica-iot-055.webp,http://localhost:8000/static/seed/images/robotica-iot/robotica-iot-055.webp,local-dev,seed/images/robotica-iot/robotica-iot-055.webp,IMAGE,image/webp,2026-06-09T07:32:03
56,sostenibilidad-tech,Sostenibilidad Tecnológica,Recurso visual de Sostenibilidad Tecnológica #56,Contenido inicial para alimentar la plataforma y probar la API localmente.,"Este recurso ayuda a representar visualmente proyectos, evidencias o inspiración tecnológica.","sostenibilidad, tecnologia-verde, innovacion, energia, impacto",unsplash_cdn,sostenibilidad-tech-56,https://unsplash.com,https://images.unsplash.com/photo-1509391366360-2e959784a276?q=80&w=800&auto=format&fit=crop,Unsplash Contributor,https://unsplash.com,Unsplash License,backend/static/seed/images/sostenibilidad-tech/sostenibilidad-tech-056.webp,http://localhost:8000/static/seed/images/sostenibilidad-tech/sostenibilidad-tech-056.webp,local-dev,seed/images/sostenibilidad-tech/sostenibilidad-tech-056.webp,IMAGE,image/webp,2026-06-09T07:32:05
57,sostenibilidad-tech,Sostenibilidad Tecnológica,Recurso visual de Sostenibilidad Tecnológica #57,Este nodo puede servir como referencia inicial para conectar ideas dentro de Nexus.,Imagen de prueba para demostrar carga dinámica desde SQL Server y FastAPI.,"sostenibilidad, tecnologia-verde, innovacion, energia, impacto",unsplash_cdn,sostenibilidad-tech-57,https://unsplash.com,https://images.unsplash.com/photo-1466611653911-95081537e5b7?q=80&w=800&auto=format&fit=crop,Unsplash Contributor,https://unsplash.com,Unsplash License,backend/static/seed/images/sostenibilidad-tech/sostenibilidad-tech-057.webp,http://localhost:8000/static/seed/images/sostenibilidad-tech/sostenibilidad-tech-057.webp,local-dev,seed/images/sostenibilidad-tech/sostenibilidad-tech-057.webp,IMAGE,image/webp,2026-06-09T07:32:06
58,sostenibilidad-tech,Sostenibilidad Tecnológica,Referencia visual sobre Sostenibilidad Tecnológica #58,Referencia visual adecuada para demostrar organización de recursos por etiquetas y categorías.,Referencia visual adecuada para demostrar organización de recursos por etiquetas y categorías.,"sostenibilidad, tecnologia-verde, innovacion, energia, impacto",unsplash_cdn,sostenibilidad-tech-58,https://unsplash.com,https://images.unsplash.com/photo-1473341304170-971dccb5ac1e?q=80&w=800&auto=format&fit=crop,Unsplash Contributor,https://unsplash.com,Unsplash License,backend/static/seed/images/sostenibilidad-tech/sostenibilidad-tech-058.webp,http://localhost:8000/static/seed/images/sostenibilidad-tech/sostenibilidad-tech-058.webp,local-dev,seed/images/sostenibilidad-tech/sostenibilidad-tech-058.webp,IMAGE,image/webp,2026-06-09T07:32:07
59,sostenibilidad-tech,Sostenibilidad Tecnológica,Evidencia visual relacionada con Sostenibilidad Tecnológica #59,Referencia visual adecuada para demostrar organización de recursos por etiquetas y categorías.,Contenido inicial para alimentar la plataforma y probar la API localmente.,"sostenibilidad, tecnologia-verde, innovacion, energia, impacto",unsplash_cdn,sostenibilidad-tech-59,https://unsplash.com,https://images.unsplash.com/photo-1542601906990-b4d3fb778b09?q=80&w=800&auto=format&fit=crop,Unsplash Contributor,https://unsplash.com,Unsplash License,backend/static/seed/images/sostenibilidad-tech/sostenibilidad-tech-059.webp,http://localhost:8000/static/seed/images/sostenibilidad-tech/sostenibilidad-tech-059.webp,local-dev,seed/images/sostenibilidad-tech/sostenibilidad-tech-059.webp,IMAGE,image/webp,2026-06-09T07:32:08
60,sostenibilidad-tech,Sostenibilidad Tecnológica,Inspiración aplicada a Sostenibilidad Tecnológica #60,Imagen de prueba para demostrar carga dinámica desde SQL Server y FastAPI.,Este nodo puede servir como referencia inicial para conectar ideas dentro de Nexus.,"sostenibilidad, tecnologia-verde, innovacion, energia, impacto",unsplash_cdn,sostenibilidad-tech-60,https://unsplash.com,https://images.unsplash.com/photo-1451187580459-43490279c0fa?q=80&w=800&auto=format&fit=crop,Unsplash Contributor,https://unsplash.com,Unsplash License,backend/static/seed/images/sostenibilidad-tech/sostenibilidad-tech-060.webp,http://localhost:8000/static/seed/images/sostenibilidad-tech/sostenibilidad-tech-060.webp,local-dev,seed/images/sostenibilidad-tech/sostenibilidad-tech-060.webp,IMAGE,image/webp,2026-06-09T07:32:09
